index,id,language,setCode,translation
0,1,Chinese Simplified,10E,核心系列第十版
1,2,Chinese Traditional,10E,核心系列第十版
2,3,French,10E,Dixième édition
3,4,German,10E,Hauptset Zehnte Edition
4,5,Italian,10E,Set Base Decima Edizione
5,6,Japanese,10E,第10版基本セット
6,7,Korean,10E,코어세트 10판
7,8,Portuguese (Brazil),10E,Coleção Básica Décima Edição
8,9,Russian,10E,Базовый выпуск Десятое Издание
9,10,Spanish,10E,Colección Básica - Décima Edición
10,11,Chinese Simplified,3ED,Revised Edition
11,12,Chinese Traditional,3ED,Revised Edition
12,13,French,3ED,Revised Edition
13,14,German,3ED,Revised Edition
14,15,Italian,3ED,Revised Edition
15,16,Japanese,3ED,Revised Edition
16,17,Korean,3ED,Revised Edition
17,18,Portuguese (Brazil),3ED,Revised Edition
18,19,Russian,3ED,Revised Edition
19,20,Spanish,3ED,Revised Edition
20,21,Chinese Simplified,4ED,Fourth Edition
21,22,Chinese Traditional,4ED,Fourth Edition
22,23,French,4ED,Quatrième édition
23,24,German,4ED,Fourth Edition
24,25,Italian,4ED,Fourth Edition
25,26,Japanese,4ED,Fourth Edition
26,27,Korean,4ED,Fourth Edition
27,28,Portuguese (Brazil),4ED,Fourth Edition
28,29,Russian,4ED,Fourth Edition
29,30,Spanish,4ED,Fourth Edition
30,31,Chinese Simplified,5DN,五色曙光
31,32,Chinese Traditional,5DN,五色曙光
32,33,French,5DN,La cinquième aube
33,34,German,5DN,Fünfte Morgenröte
34,35,Italian,5DN,Quinta Alba
35,36,Japanese,5DN,フィフス・ドーン
36,37,Korean,5DN,다섯번째 새벽
37,38,Portuguese (Brazil),5DN,Aquinta Aurora
38,39,Russian,5DN,Fifth Dawn
39,40,Spanish,5DN,Quinto amanecer
40,41,Chinese Simplified,5ED,Core Set Fifth Edition
41,42,Chinese Traditional,5ED,Core Set Fifth Edition
42,43,French,5ED,Cinquième édition
43,44,German,5ED,Core Set Fifth Edition
44,45,Italian,5ED,Core Set Fifth Edition
45,46,Japanese,5ED,Core Set Fifth Edition
46,47,Korean,5ED,Core Set Fifth Edition
47,48,Portuguese (Brazil),5ED,Core Set Fifth Edition
48,49,Russian,5ED,Core Set Fifth Edition
49,50,Spanish,5ED,Core Set Fifth Edition
50,51,Chinese Simplified,6ED,Classic Sixth Edition
51,52,Chinese Traditional,6ED,Classic Sixth Edition
52,53,French,6ED,Sixième édition
53,54,German,6ED,Classic Sixth Edition
54,55,Italian,6ED,Classic Sixth Edition
55,56,Japanese,6ED,Classic Sixth Edition
56,57,Korean,6ED,Classic Sixth Edition
57,58,Portuguese (Brazil),6ED,Classic Sixth Edition
58,59,Russian,6ED,Classic Sixth Edition
59,60,Spanish,6ED,Classic Sixth Edition
60,61,Chinese Simplified,7ED,Core Set Seventh Edition
61,62,Chinese Traditional,7ED,Core Set Seventh Edition
62,63,French,7ED,Septième édition
63,64,German,7ED,Core Set Seventh Edition
64,65,Italian,7ED,Core Set Seventh Edition
65,66,Japanese,7ED,Core Set Seventh Edition
66,67,Korean,7ED,Core Set Seventh Edition
67,68,Portuguese (Brazil),7ED,Core Set Seventh Edition
68,69,Russian,7ED,Core Set Seventh Edition
69,70,Spanish,7ED,Core Set Seventh Edition
70,71,Chinese Simplified,8ED,核心系列第八版
71,72,Chinese Traditional,8ED,核心系列第八版
72,73,French,8ED,Huitième édition
73,74,German,8ED,Hauptset Achte Edition
74,75,Italian,8ED,Set Base Ottava Edizione
75,76,Japanese,8ED,第８版 基本セット
76,77,Korean,8ED,코어세트 8판
77,78,Portuguese (Brazil),8ED,Oitava Edição
78,79,Russian,8ED,Базовый выпуск Eighth Edition
79,80,Spanish,8ED,Colección Básica - Octava edición
80,81,Chinese Simplified,9ED,核心系列 第九版
81,82,Chinese Traditional,9ED,核心系列 第九版
82,83,French,9ED,Neuvième édition
83,84,German,9ED,Hauptset Neunte Edition
84,85,Italian,9ED,Set Base Nona Edizione
85,86,Japanese,9ED,第９版 基本セット
86,87,Korean,9ED,코어세트 9판
87,88,Portuguese (Brazil),9ED,Nona Edição
88,89,Russian,9ED,Базовый выпуск Девятая редакция
89,90,Spanish,9ED,Colección Básica - Novena edición
90,91,Chinese Simplified,A25,Masters 25
91,92,Chinese Traditional,A25,Masters 25
92,93,French,A25,Masters 25
93,94,German,A25,Masters 25
94,95,Italian,A25,Masters 25
95,96,Japanese,A25,Masters 25
96,97,Korean,A25,Masters 25
97,98,Portuguese (Brazil),A25,Masters 25
98,99,Russian,A25,Masters 25
99,100,Spanish,A25,Masters 25
100,101,Chinese Simplified,AER,乙太之乱
101,102,Chinese Traditional,AER,乙太之亂
102,103,French,AER,La révolte éthérique
103,104,German,AER,Äther-Rebellion
104,105,Italian,AER,Rivolta dell’Etere
105,106,Japanese,AER,『霊気紛争』
106,107,Korean,AER,에테르 봉기
107,108,Portuguese (Brazil),AER,Revolta do Éter
108,109,Russian,AER,«Эфирный Бунт»
109,110,Spanish,AER,La revuelta del éter
110,111,Chinese Simplified,AKH,阿芒凯
111,112,Chinese Traditional,AKH,阿芒凱
112,113,French,AKH,Amonkhet
113,114,German,AKH,Amonkhet
114,115,Italian,AKH,Amonkhet
115,116,Japanese,AKH,『アモンケット』
116,117,Korean,AKH,아몬케트
117,118,Portuguese (Brazil),AKH,Amonkhet
118,119,Russian,AKH,Амонхет
119,120,Spanish,AKH,Amonkhet
120,121,Chinese Simplified,ALA,阿拉若断片
121,122,Chinese Traditional,ALA,阿拉若斷片
122,123,French,ALA,Les éclats d'Alara
123,124,German,ALA,Fragmente von Alara
124,125,Italian,ALA,Frammenti di Alara
125,126,Japanese,ALA,アラーラの断片
126,127,Korean,ALA,알라라의 파편
127,128,Portuguese (Brazil),ALA,Fragmentos de Alara
128,129,Russian,ALA,Осколки Алары
129,130,Spanish,ALA,Fragmentos de Alara
130,131,Chinese Simplified,ALL,Alliances
131,132,Chinese Traditional,ALL,Alliances
132,133,French,ALL,Alliances
133,134,German,ALL,Alliances
134,135,Italian,ALL,Alliances
135,136,Japanese,ALL,Alliances
136,137,Korean,ALL,Alliances
137,138,Portuguese (Brazil),ALL,Alliances
138,139,Russian,ALL,Alliances
139,140,Spanish,ALL,Alliances
140,141,Chinese Simplified,APC,启示录
141,142,Chinese Traditional,APC,啟示錄
142,143,French,APC,Apocalypse
143,144,German,APC,Apokalypse
144,145,Italian,APC,Apocalisse
145,146,Japanese,APC,アポカリプス
146,147,Korean,APC,파멸
147,148,Portuguese (Brazil),APC,Apocalipse
148,149,Russian,APC,Apocalypse
149,150,Spanish,APC,Apocalipsis
150,151,Chinese Simplified,ARB,阿拉若新生
151,152,Chinese Traditional,ARB,阿拉若新生
152,153,French,ARB,La renaissance d'Alara
153,154,German,ARB,Alara: Die Erneuerung
154,155,Italian,ARB,Rinascita di Alara
155,156,Japanese,ARB,アラーラ再誕
156,157,Korean,ARB,신생 알라라
157,158,Portuguese (Brazil),ARB,Alara Reunida
158,159,Russian,ARB,Перерожденная Алара
159,160,Spanish,ARB,Alara renacida
160,161,Chinese Simplified,ARC,Archenemy
161,162,Chinese Traditional,ARC,Archenemy
162,163,French,ARC,Archenemy
163,164,German,ARC,Archenemy
164,165,Italian,ARC,Archenemy
165,166,Japanese,ARC,Archenemy
166,167,Korean,ARC,Archenemy
167,168,Portuguese (Brazil),ARC,Archenemy
168,169,Russian,ARC,Archenemy
169,170,Spanish,ARC,Archenemy
170,171,Chinese Simplified,ARN,Arabian Nights
171,172,Chinese Traditional,ARN,Arabian Nights
172,173,French,ARN,Arabian Nights
173,174,German,ARN,Arabian Nights
174,175,Italian,ARN,Arabian Nights
175,176,Japanese,ARN,Arabian Nights
176,177,Korean,ARN,Arabian Nights
177,178,Portuguese (Brazil),ARN,Arabian Nights
178,179,Russian,ARN,Arabian Nights
179,180,Spanish,ARN,Arabian Nights
180,181,Chinese Simplified,ATQ,Antiquities
181,182,Chinese Traditional,ATQ,Antiquities
182,183,French,ATQ,Antiquities
183,184,German,ATQ,Antiquities
184,185,Italian,ATQ,Antiquities
185,186,Japanese,ATQ,Antiquities
186,187,Korean,ATQ,Antiquities
187,188,Portuguese (Brazil),ATQ,Antiquities
188,189,Russian,ATQ,Antiquities
189,190,Spanish,ATQ,Antiquities
190,191,Chinese Simplified,AVR,艾维欣重临
191,192,Chinese Traditional,AVR,艾維欣重臨
192,193,French,AVR,Avacyn ressuscitée
193,194,German,AVR,Avacyns Rückkehr
194,195,Italian,AVR,Ritorno di Avacyn
195,196,Japanese,AVR,アヴァシンの帰還
196,197,Korean,AVR,아바신의 귀환
197,198,Portuguese (Brazil),AVR,Retorno de Avacyn
198,199,Russian,AVR,Возвращение Авацины
199,200,Spanish,AVR,Avacyn restituida
200,201,Chinese Simplified,BFZ,再战赞迪卡
201,202,Chinese Traditional,BFZ,再戰贊迪卡​
202,203,French,BFZ,La bataille de Zendikar
203,204,German,BFZ,Kampf um Zendikar​
204,205,Italian,BFZ,Battaglia per Zendikar​
205,206,Japanese,BFZ,『戦乱のゼンディカー』
206,207,Korean,BFZ,젠디카르 전투
207,208,Portuguese (Brazil),BFZ,Batalha por Zendikar​
208,209,Russian,BFZ,Битва за Зендикар​
209,210,Spanish,BFZ,La batalla por Zendikar​
210,211,Chinese Simplified,BNG,天神创生
211,212,Chinese Traditional,BNG,天神創生
212,213,French,BNG,Créations divines
213,214,German,BNG,Kinder der Götter
214,215,Italian,BNG,Figli degli dei
215,216,Japanese,BNG,『神々の軍勢』
216,217,Korean,BNG,신들의 피조물
217,218,Portuguese (Brazil),BNG,Nascidos dos Deuses
218,219,Russian,BNG,Порождения Богов
219,220,Spanish,BNG,Nacidos de los Dioses
220,221,Chinese Simplified,BOK,神河叛将谱
221,222,Chinese Traditional,BOK,神河叛將譜
222,223,French,BOK,Traîtres de Kamigawa
223,224,German,BOK,Verräter von Kamigawa
224,225,Italian,BOK,Traditori di Kamigawa
225,226,Japanese,BOK,神河謀叛
226,227,Korean,BOK,카미가와의 배신자들
227,228,Portuguese (Brazil),BOK,Traidores de Kamigawa
228,229,Russian,BOK,Betrayers of Kamigawa
229,230,Spanish,BOK,Traidores de Kamigawa
230,231,Chinese Simplified,BRB,Battle Royale
231,232,Chinese Traditional,BRB,Battle Royale
232,233,French,BRB,Battle Royale
233,234,German,BRB,Battle Royale
234,235,Italian,BRB,Battle Royale
235,236,Japanese,BRB,Battle Royale
236,237,Korean,BRB,Battle Royale
237,238,Portuguese (Brazil),BRB,Battle Royale
238,239,Russian,BRB,Battle Royale
239,240,Spanish,BRB,Battle Royale
240,241,Chinese Simplified,BTD,Beatdown
241,242,Chinese Traditional,BTD,Beatdown
242,243,French,BTD,Beatdown
243,244,German,BTD,Beatdown
244,245,Italian,BTD,Beatdown
245,246,Japanese,BTD,Beatdown
246,247,Korean,BTD,Beatdown
247,248,Portuguese (Brazil),BTD,Beatdown
248,249,Russian,BTD,Beatdown
249,250,Spanish,BTD,Beatdown
250,251,Chinese Simplified,C13,Commander (2013 Edition)
251,252,Chinese Traditional,C13,Commander (2013 Edition)
252,253,French,C13,Commander (2013 Edition)
253,254,German,C13,Commander (2013 Edition)
254,255,Italian,C13,Commander (2013 Edition)
255,256,Japanese,C13,Commander (2013 Edition)
256,257,Korean,C13,Commander (2013 Edition)
257,258,Portuguese (Brazil),C13,Commander (2013 Edition)
258,259,Russian,C13,Commander (2013 Edition)
259,260,Spanish,C13,Commander (2013 Edition)
260,261,Chinese Simplified,C14,Commander (2014 Edition)
261,262,Chinese Traditional,C14,Commander (2014 Edition)
262,263,French,C14,Commander (2014 Edition)
263,264,German,C14,Commander (2014 Edition)
264,265,Italian,C14,Commander (2014 Edition)
265,266,Japanese,C14,Commander (2014 Edition)
266,267,Korean,C14,Commander (2014 Edition)
267,268,Portuguese (Brazil),C14,Commander (2014 Edition)
268,269,Russian,C14,Commander (2014 Edition)
269,270,Spanish,C14,Commander (2014 Edition)
270,271,Chinese Simplified,C15,Commander (2015 Edition)
271,272,Chinese Traditional,C15,Commander (2015 Edition)
272,273,French,C15,Commander (2015 Edition)
273,274,German,C15,Commander (2015 Edition)
274,275,Italian,C15,Commander (2015 Edition)
275,276,Japanese,C15,Commander (2015 Edition)
276,277,Korean,C15,Commander (2015 Edition)
277,278,Portuguese (Brazil),C15,Commander (2015 Edition)
278,279,Russian,C15,Commander (2015 Edition)
279,280,Spanish,C15,Commander (2015 Edition)
280,281,Chinese Simplified,C16,Commander (2016 Edition)
281,282,Chinese Traditional,C16,Commander (2016 Edition)
282,283,French,C16,Commander (2016 Edition)
283,284,German,C16,Commander (2016 Edition)
284,285,Italian,C16,Commander (2016 Edition)
285,286,Japanese,C16,Commander (2016 Edition)
286,287,Korean,C16,Commander (2016 Edition)
287,288,Portuguese (Brazil),C16,Commander (2016 Edition)
288,289,Russian,C16,Commander (2016 Edition)
289,290,Spanish,C16,Commander (2016 Edition)
290,291,Chinese Simplified,C17,Commander (2017 EDITION)
291,292,Chinese Traditional,C17,Commander (2017 EDITION)
292,293,French,C17,Commander (2017 EDITION)
293,294,German,C17,Commander (2017 EDITION)
294,295,Italian,C17,Commander (2017 EDITION)
295,296,Japanese,C17,Commander (2017 EDITION)
296,297,Korean,C17,Commander (2017 EDITION)
297,298,Portuguese (Brazil),C17,Commander (2017 EDITION)
298,299,Russian,C17,Commander (2017 EDITION)
299,300,Spanish,C17,Commander (2017 EDITION)
300,301,Chinese Simplified,CHK,神河群英录
301,302,Chinese Traditional,CHK,神河群英錄
302,303,French,CHK,Guerriers de Kamigawa
303,304,German,CHK,Meister von Kamigawa
304,305,Italian,CHK,Campioni di Kamigawa
305,306,Japanese,CHK,神河物語
306,307,Korean,CHK,카미가와의 투사
307,308,Portuguese (Brazil),CHK,Campeões de Kamigawa
308,309,Russian,CHK,Champions of Kamigawa
309,310,Spanish,CHK,Campeones de Kamigawa
310,311,Chinese Simplified,CHR,Chronicles / Renaissance
311,312,Chinese Traditional,CHR,Chronicles / Renaissance
312,313,French,CHR,Chronicles / Renaissance
313,314,German,CHR,Chronicles / Renaissance
314,315,Italian,CHR,Chronicles / Renaissance
315,316,Japanese,CHR,Chronicles / Renaissance
316,317,Korean,CHR,Chronicles / Renaissance
317,318,Portuguese (Brazil),CHR,Chronicles / Renaissance
318,319,Russian,CHR,Chronicles / Renaissance
319,320,Spanish,CHR,Chronicles / Renaissance
320,321,Chinese Simplified,CM1,Commander's Arsenal
321,322,Chinese Traditional,CM1,Commander's Arsenal
322,323,French,CM1,Commander's Arsenal
323,324,German,CM1,Commander's Arsenal
324,325,Italian,CM1,Commander's Arsenal
325,326,Japanese,CM1,Commander's Arsenal
326,327,Korean,CM1,Commander's Arsenal
327,328,Portuguese (Brazil),CM1,Commander's Arsenal
328,329,Russian,CM1,Commander's Arsenal
329,330,Spanish,CM1,Commander's Arsenal
330,331,Chinese Simplified,CM2,Commander Anthology Volume II
331,332,Chinese Traditional,CM2,Commander Anthology Volume II
332,333,French,CM2,Commander Anthology Volume II
333,334,German,CM2,Commander Anthology Volume II
334,335,Italian,CM2,Commander Anthology Volume II
335,336,Japanese,CM2,Commander Anthology Volume II
336,337,Korean,CM2,Commander Anthology Volume II
337,338,Portuguese (Brazil),CM2,Commander Anthology Volume II
338,339,Russian,CM2,Commander Anthology Volume II
339,340,Spanish,CM2,Commander Anthology Volume II
340,341,Chinese Simplified,CMD,Magic: the Gathering Commander
341,342,Chinese Traditional,CMD,Magic: the Gathering Commander
342,343,French,CMD,Magic: the Gathering Commander
343,344,German,CMD,Magic: the Gathering Commander
344,345,Italian,CMD,Magic: the Gathering Commander
345,346,Japanese,CMD,Magic: the Gathering Commander
346,347,Korean,CMD,Magic: the Gathering Commander
347,348,Portuguese (Brazil),CMD,Magic: the Gathering Commander
348,349,Russian,CMD,Magic: the Gathering Commander
349,350,Spanish,CMD,Magic: the Gathering Commander
350,351,Chinese Simplified,CN2,诡局：王权争霸
351,352,Chinese Traditional,CN2,詭局：王權爭霸
352,353,French,CN2,Conspiracy: Take the Crown
353,354,German,CN2,Conspiracy: Take the Crown
354,355,Italian,CN2,Conspiracy: Take the Crown
355,356,Japanese,CN2,『コンスピラシー：王位争奪』
356,357,Korean,CN2,음모: 왕관을 차지하라
357,358,Portuguese (Brazil),CN2,Conspiracy: Take the Crown
358,359,Russian,CN2,Conspiracy: Take the Crown
359,360,Spanish,CN2,Conspiracy: Take the Crown
360,361,Chinese Simplified,CNS,Conspiracy
361,362,Chinese Traditional,CNS,Conspiracy
362,363,French,CNS,Conspiracy
363,364,German,CNS,Conspiracy
364,365,Italian,CNS,Conspiracy
365,366,Japanese,CNS,Conspiracy
366,367,Korean,CNS,Conspiracy
367,368,Portuguese (Brazil),CNS,Conspiracy
368,369,Russian,CNS,Conspiracy
369,370,Spanish,CNS,Conspiracy
370,371,Chinese Simplified,CON,聚流
371,372,Chinese Traditional,CON,聚流
372,373,French,CON,Conflux
373,374,German,CON,Conflux
374,375,Italian,CON,Conflux
375,376,Japanese,CON,コンフラックス
376,377,Korean,CON,합일
377,378,Portuguese (Brazil),CON,Conflux
378,379,Russian,CON,Conflux
379,380,Spanish,CON,Conflux
380,381,Chinese Simplified,CSP,骤霜
381,382,Chinese Traditional,CSP,驟霜
382,383,French,CSP,Souffle glaciaire
383,384,German,CSP,Kälteeinbruch
384,385,Italian,CSP,Ondata Glaciale
385,386,Japanese,CSP,コールドスナップ
386,387,Korean,CSP,한파
387,388,Portuguese (Brazil),CSP,Frente Fria
388,389,Russian,CSP,Coldsnap
389,390,Spanish,CSP,Ola de frío
390,391,Chinese Simplified,DD1,Elves vs. Goblins
391,392,Chinese Traditional,DD1,Elves vs. Goblins
392,393,French,DD1,Elves vs. Goblins
393,394,German,DD1,Elves vs. Goblins
394,395,Italian,DD1,Elves vs. Goblins
395,396,Japanese,DD1,Elves vs. Goblins
396,397,Korean,DD1,Elves vs. Goblins
397,398,Portuguese (Brazil),DD1,Elves vs. Goblins
398,399,Russian,DD1,Elves vs. Goblins
399,400,Spanish,DD1,Elves vs. Goblins
400,401,Chinese Simplified,DD2,Jace vs. Chandra
401,402,Chinese Traditional,DD2,Jace vs. Chandra
402,403,French,DD2,Jace vs. Chandra
403,404,German,DD2,Jace vs. Chandra
404,405,Italian,DD2,Jace vs. Chandra
405,406,Japanese,DD2,Jace vs. Chandra
406,407,Korean,DD2,Jace vs. Chandra
407,408,Portuguese (Brazil),DD2,Jace vs. Chandra
408,409,Russian,DD2,Jace vs. Chandra
409,410,Spanish,DD2,Jace vs. Chandra
410,411,Chinese Simplified,DDC,Divine vs. Demonic
411,412,Chinese Traditional,DDC,Divine vs. Demonic
412,413,French,DDC,Divine vs. Demonic
413,414,German,DDC,Divine vs. Demonic
414,415,Italian,DDC,Divine vs. Demonic
415,416,Japanese,DDC,Divine vs. Demonic
416,417,Korean,DDC,Divine vs. Demonic
417,418,Portuguese (Brazil),DDC,Divine vs. Demonic
418,419,Russian,DDC,Divine vs. Demonic
419,420,Spanish,DDC,Divine vs. Demonic
420,421,Chinese Simplified,DDD,Garruk vs. Liliana
421,422,Chinese Traditional,DDD,Garruk vs. Liliana
422,423,French,DDD,Garruk vs. Liliana
423,424,German,DDD,Garruk vs. Liliana
424,425,Italian,DDD,Garruk vs. Liliana
425,426,Japanese,DDD,Garruk vs. Liliana
426,427,Korean,DDD,Garruk vs. Liliana
427,428,Portuguese (Brazil),DDD,Garruk vs. Liliana
428,429,Russian,DDD,Garruk vs. Liliana
429,430,Spanish,DDD,Garruk vs. Liliana
430,431,Chinese Simplified,DDE,Phyrexia vs. The Coalition
431,432,Chinese Traditional,DDE,Phyrexia vs. The Coalition
432,433,French,DDE,Phyrexia vs. The Coalition
433,434,German,DDE,Phyrexia vs. The Coalition
434,435,Italian,DDE,Phyrexia vs. The Coalition
435,436,Japanese,DDE,Phyrexia vs. The Coalition
436,437,Korean,DDE,Phyrexia vs. The Coalition
437,438,Portuguese (Brazil),DDE,Phyrexia vs. The Coalition
438,439,Russian,DDE,Phyrexia vs. The Coalition
439,440,Spanish,DDE,Phyrexia vs. The Coalition
440,441,Chinese Simplified,DDF,Elspeth vs. Tezzeret
441,442,Chinese Traditional,DDF,Elspeth vs. Tezzeret
442,443,French,DDF,Elspeth vs. Tezzeret
443,444,German,DDF,Elspeth vs. Tezzeret
444,445,Italian,DDF,Elspeth vs. Tezzeret
445,446,Japanese,DDF,Elspeth vs. Tezzeret
446,447,Korean,DDF,Elspeth vs. Tezzeret
447,448,Portuguese (Brazil),DDF,Elspeth vs. Tezzeret
448,449,Russian,DDF,Elspeth vs. Tezzeret
449,450,Spanish,DDF,Elspeth vs. Tezzeret
450,451,Chinese Simplified,DDG,Knights vs. Dragons
451,452,Chinese Traditional,DDG,Knights vs. Dragons
452,453,French,DDG,Knights vs. Dragons
453,454,German,DDG,Knights vs. Dragons
454,455,Italian,DDG,Knights vs. Dragons
455,456,Japanese,DDG,Knights vs. Dragons
456,457,Korean,DDG,Knights vs. Dragons
457,458,Portuguese (Brazil),DDG,Knights vs. Dragons
458,459,Russian,DDG,Knights vs. Dragons
459,460,Spanish,DDG,Knights vs. Dragons
460,461,Chinese Simplified,DDH,Ajani vs. Nicol Bolas
461,462,Chinese Traditional,DDH,Ajani vs. Nicol Bolas
462,463,French,DDH,Ajani vs. Nicol Bolas
463,464,German,DDH,Ajani vs. Nicol Bolas
464,465,Italian,DDH,Ajani vs. Nicol Bolas
465,466,Japanese,DDH,Ajani vs. Nicol Bolas
466,467,Korean,DDH,Ajani vs. Nicol Bolas
467,468,Portuguese (Brazil),DDH,Ajani vs. Nicol Bolas
468,469,Russian,DDH,Ajani vs. Nicol Bolas
469,470,Spanish,DDH,Ajani vs. Nicol Bolas
470,471,Chinese Simplified,DDI,Venser vs. Koth
471,472,Chinese Traditional,DDI,Venser vs. Koth
472,473,French,DDI,Venser vs. Koth
473,474,German,DDI,Venser vs. Koth
474,475,Italian,DDI,Venser vs. Koth
475,476,Japanese,DDI,Venser vs. Koth
476,477,Korean,DDI,Venser vs. Koth
477,478,Portuguese (Brazil),DDI,Venser vs. Koth
478,479,Russian,DDI,Venser vs. Koth
479,480,Spanish,DDI,Venser vs. Koth
480,481,Chinese Simplified,DDJ,Izzet vs. Golgari
481,482,Chinese Traditional,DDJ,Izzet vs. Golgari
482,483,French,DDJ,Izzet vs. Golgari
483,484,German,DDJ,Izzet vs. Golgari
484,485,Italian,DDJ,Izzet vs. Golgari
485,486,Japanese,DDJ,Izzet vs. Golgari
486,487,Korean,DDJ,Izzet vs. Golgari
487,488,Portuguese (Brazil),DDJ,Izzet vs. Golgari
488,489,Russian,DDJ,Izzet vs. Golgari
489,490,Spanish,DDJ,Izzet vs. Golgari
490,491,Chinese Simplified,DDK,Sorin vs. Tibalt
491,492,Chinese Traditional,DDK,Sorin vs. Tibalt
492,493,French,DDK,Sorin vs. Tibalt
493,494,German,DDK,Sorin vs. Tibalt
494,495,Italian,DDK,Sorin vs. Tibalt
495,496,Japanese,DDK,Sorin vs. Tibalt
496,497,Korean,DDK,Sorin vs. Tibalt
497,498,Portuguese (Brazil),DDK,Sorin vs. Tibalt
498,499,Russian,DDK,Sorin vs. Tibalt
499,500,Spanish,DDK,Sorin vs. Tibalt
500,501,Chinese Simplified,DDL,Heroes vs. Monsters
501,502,Chinese Traditional,DDL,Heroes vs. Monsters
502,503,French,DDL,Heroes vs. Monsters
503,504,German,DDL,Heroes vs. Monsters
504,505,Italian,DDL,Heroes vs. Monsters
505,506,Japanese,DDL,Heroes vs. Monsters
506,507,Korean,DDL,Heroes vs. Monsters
507,508,Portuguese (Brazil),DDL,Heroes vs. Monsters
508,509,Russian,DDL,Heroes vs. Monsters
509,510,Spanish,DDL,Heroes vs. Monsters
510,511,Chinese Simplified,DDM,Jace vs. Vraska
511,512,Chinese Traditional,DDM,Jace vs. Vraska
512,513,French,DDM,Jace vs. Vraska
513,514,German,DDM,Jace vs. Vraska
514,515,Italian,DDM,Jace vs. Vraska
515,516,Japanese,DDM,Jace vs. Vraska
516,517,Korean,DDM,Jace vs. Vraska
517,518,Portuguese (Brazil),DDM,Jace vs. Vraska
518,519,Russian,DDM,Jace vs. Vraska
519,520,Spanish,DDM,Jace vs. Vraska
520,521,Chinese Simplified,DDN,Speed vs. Cunning
521,522,Chinese Traditional,DDN,Speed vs. Cunning
522,523,French,DDN,Speed vs. Cunning
523,524,German,DDN,Speed vs. Cunning
524,525,Italian,DDN,Speed vs. Cunning
525,526,Japanese,DDN,Speed vs. Cunning
526,527,Korean,DDN,Speed vs. Cunning
527,528,Portuguese (Brazil),DDN,Speed vs. Cunning
528,529,Russian,DDN,Speed vs. Cunning
529,530,Spanish,DDN,Speed vs. Cunning
530,531,Chinese Simplified,DDO,Elspeth vs. Kiora
531,532,Chinese Traditional,DDO,Elspeth vs. Kiora
532,533,French,DDO,Elspeth vs. Kiora
533,534,German,DDO,Elspeth vs. Kiora
534,535,Italian,DDO,Elspeth vs. Kiora
535,536,Japanese,DDO,『デュエルデッキ: エルズペスVSキオーラ』
536,537,Korean,DDO,Elspeth vs. Kiora
537,538,Portuguese (Brazil),DDO,Elspeth vs. Kiora
538,539,Russian,DDO,Elspeth vs. Kiora
539,540,Spanish,DDO,Elspeth vs. Kiora
540,541,Chinese Simplified,DDP,Zendikar vs. Eldrazi
541,542,Chinese Traditional,DDP,Zendikar vs. Eldrazi
542,543,French,DDP,Zendikar vs. Eldrazi
543,544,German,DDP,Zendikar vs. Eldrazi
544,545,Italian,DDP,Zendikar vs. Eldrazi
545,546,Japanese,DDP,
546,547,Korean,DDP,Zendikar vs. Eldrazi
547,548,Portuguese (Brazil),DDP,Zendikar vs. Eldrazi
548,549,Russian,DDP,Zendikar vs. Eldrazi
549,550,Spanish,DDP,Zendikar vs. Eldrazi
550,551,Chinese Simplified,DDQ,Blessed vs. Cursed
551,552,Chinese Traditional,DDQ,Blessed vs. Cursed
552,553,French,DDQ,Blessed vs. Cursed
553,554,German,DDQ,Blessed vs. Cursed
554,555,Italian,DDQ,Blessed vs. Cursed
555,556,Japanese,DDQ,
556,557,Korean,DDQ,Blessed vs. Cursed
557,558,Portuguese (Brazil),DDQ,Blessed vs. Cursed
558,559,Russian,DDQ,Blessed vs. Cursed
559,560,Spanish,DDQ,Blessed vs. Cursed
560,561,Chinese Simplified,DDR,Nissa vs. Ob Nixilis
561,562,Chinese Traditional,DDR,Nissa vs. Ob Nixilis
562,563,French,DDR,Nissa vs. Ob Nixilis
563,564,German,DDR,Nissa vs. Ob Nixilis
564,565,Italian,DDR,Nissa vs. Ob Nixilis
565,566,Japanese,DDR,『デュエルデッキ：ニッサ VS オブ・ニクシリス』
566,567,Korean,DDR,Nissa vs. Ob Nixilis
567,568,Portuguese (Brazil),DDR,Nissa vs. Ob Nixilis
568,569,Russian,DDR,Nissa vs. Ob Nixilis
569,570,Spanish,DDR,Nissa vs. Ob Nixilis
570,571,Chinese Simplified,DDT,Duel Decks: Merfolk vs. Goblins
571,572,Chinese Traditional,DDT,Duel Decks: Merfolk vs. Goblins
572,573,French,DDT,Duel Decks: Merfolk vs. Goblins
573,574,German,DDT,Duel Decks: Merfolk vs. Goblins
574,575,Italian,DDT,Duel Decks: Merfolk vs. Goblins
575,576,Japanese,DDT,『デュエルデッキ：マーフォーク vs ゴブリン』
576,577,Korean,DDT,Duel Decks: Merfolk vs. Goblins
577,578,Portuguese (Brazil),DDT,Duel Decks: Merfolk vs. Goblins
578,579,Russian,DDT,Duel Decks: Merfolk vs. Goblins
579,580,Spanish,DDT,Duel Decks: Merfolk vs. Goblins
580,581,Chinese Simplified,DDU,Duel Deck: Elves vs. Inventors
581,582,Chinese Traditional,DDU,Duel Deck: Elves vs. Inventors
582,583,French,DDU,Duel Deck: Elves vs. Inventors
583,584,German,DDU,Duel Deck: Elves vs. Inventors
584,585,Italian,DDU,Duel Deck: Elves vs. Inventors
585,586,Japanese,DDU,
586,587,Korean,DDU,Duel Deck: Elves vs. Inventors
587,588,Portuguese (Brazil),DDU,Duel Deck: Elves vs. Inventors
588,589,Russian,DDU,Duel Deck: Elves vs. Inventors
589,590,Spanish,DDU,Duel Deck: Elves vs. Inventors
590,591,Chinese Simplified,DGM,巨龙迷城
591,592,Chinese Traditional,DGM,巨龍迷城
592,593,French,DGM,Le labyrinthe du dragon
593,594,German,DGM,Labyrinth des Drachen
594,595,Italian,DGM,Labirinto del Drago
595,596,Japanese,DGM,『ドラゴンの迷路』
596,597,Korean,DGM,용의 미로
597,598,Portuguese (Brazil),DGM,Labirinto do Dragão
598,599,Russian,DGM,Лабиринт Дракона
599,600,Spanish,DGM,Laberinto del Dragón
600,601,Chinese Simplified,DIS,纷争
601,602,Chinese Traditional,DIS,紛爭
602,603,French,DIS,Discorde
603,604,German,DIS,Zwietracht
604,605,Italian,DIS,Discordia
605,606,Japanese,DIS,ディセンション
606,607,Korean,DIS,갈등
607,608,Portuguese (Brazil),DIS,Insurreição
608,609,Russian,DIS,Раскол
609,610,Spanish,DIS,Discordia
610,611,Chinese Simplified,DKA,黑影笼罩
611,612,Chinese Traditional,DKA,黑影籠罩
612,613,French,DKA,Obscure ascension
613,614,German,DKA,Dunkles Erwachen
614,615,Italian,DKA,Ascesa Oscura
615,616,Japanese,DKA,闇の隆盛
616,617,Korean,DKA,어둠의 강림
617,618,Portuguese (Brazil),DKA,Ascensão das Trevas
618,619,Russian,DKA,Возвышение Мрака
619,620,Spanish,DKA,Ascenso siniestro
620,621,Chinese Simplified,DKM,Deckmasters 2001
621,622,Chinese Traditional,DKM,Deckmasters 2001
622,623,French,DKM,Deckmasters 2001
623,624,German,DKM,Deckmasters 2001
624,625,Italian,DKM,Deckmasters 2001
625,626,Japanese,DKM,Deckmasters 2001
626,627,Korean,DKM,Deckmasters 2001
627,628,Portuguese (Brazil),DKM,Deckmasters 2001
628,629,Russian,DKM,Deckmasters 2001
629,630,Spanish,DKM,Deckmasters 2001
630,631,Chinese Simplified,DOM,
631,632,Chinese Traditional,DOM,
632,633,French,DOM,Dominaria
633,634,German,DOM,
634,635,Italian,DOM,
635,636,Japanese,DOM,
636,637,Korean,DOM,
637,638,Portuguese (Brazil),DOM,
638,639,Russian,DOM,
639,640,Spanish,DOM,
640,641,Chinese Simplified,DRK,The Dark
641,642,Chinese Traditional,DRK,The Dark
642,643,French,DRK,The Dark
643,644,German,DRK,The Dark
644,645,Italian,DRK,The Dark
645,646,Japanese,DRK,The Dark
646,647,Korean,DRK,The Dark
647,648,Portuguese (Brazil),DRK,The Dark
648,649,Russian,DRK,The Dark
649,650,Spanish,DRK,The Dark
650,651,Chinese Simplified,DST,玄铁
651,652,Chinese Traditional,DST,玄鐵
652,653,French,DST,Sombracier
653,654,German,DST,Nachtstahl
654,655,Italian,DST,Darksteel
655,656,Japanese,DST,ダークスティール
656,657,Korean,DST,다크스틸
657,658,Portuguese (Brazil),DST,Darksteel
658,659,Russian,DST,Darksteel
659,660,Spanish,DST,Darksteel
660,661,Chinese Simplified,DTK,鞑契龙王
661,662,Chinese Traditional,DTK,韃契龍王
662,663,French,DTK,Les dragons de Tarkir
663,664,German,DTK,Drachen von Tarkir
664,665,Italian,DTK,Draghi di Tarkir
665,666,Japanese,DTK,『タルキール龍紀伝』
666,667,Korean,DTK,타르커의 용
667,668,Portuguese (Brazil),DTK,Dragões de Tarkir
668,669,Russian,DTK,Драконы Таркира
669,670,Spanish,DTK,Dragones de Tarkir
670,671,Chinese Simplified,ELD,
671,672,Chinese Traditional,ELD,
672,673,French,ELD,Le Trône d'Eldraine
673,674,German,ELD,
674,675,Italian,ELD,
675,676,Japanese,ELD,
676,677,Korean,ELD,
677,678,Portuguese (Brazil),ELD,
678,679,Russian,ELD,
679,680,Spanish,ELD,
680,681,Chinese Simplified,EMA,Eternal Masters
681,682,Chinese Traditional,EMA,Eternal Masters
682,683,French,EMA,Eternal Masters
683,684,German,EMA,Eternal Masters
684,685,Italian,EMA,Eternal Masters
685,686,Japanese,EMA,Eternal Masters
686,687,Korean,EMA,Eternal Masters
687,688,Portuguese (Brazil),EMA,Eternal Masters
688,689,Russian,EMA,Eternal Masters
689,690,Spanish,EMA,Eternal Masters
690,691,Chinese Simplified,EMN,异月传奇
691,692,Chinese Traditional,EMN,異月傳奇
692,693,French,EMN,Confrontez les ténèbres
693,694,German,EMN,Stell dich der Dunkelheit
694,695,Italian,EMN,Affronta l’oscurità
695,696,Japanese,EMN,『異界月』
696,697,Korean,EMN,어둠과 맞서라
697,698,Portuguese (Brazil),EMN,Enfrente as Trevas
698,699,Russian,EMN,Встретьтесь с тьмой
699,700,Spanish,EMN,Luna de horrores
700,701,Chinese Simplified,EVE,暮光
701,702,Chinese Traditional,EVE,暮光
702,703,French,EVE,Coucheciel
703,704,German,EVE,Abendkühle
704,705,Italian,EVE,Vespro
705,706,Japanese,EVE,イーブンタイド
706,707,Korean,EVE,일몰
707,708,Portuguese (Brazil),EVE,Entardecer
708,709,Russian,EVE,Сумерки
709,710,Spanish,EVE,Crepúsculo
710,711,Chinese Simplified,EXO,Exodus
711,712,Chinese Traditional,EXO,Exodus
712,713,French,EXO,Exode
713,714,German,EXO,Exodus
714,715,Italian,EXO,Exodus
715,716,Japanese,EXO,Exodus
716,717,Korean,EXO,Exodus
717,718,Portuguese (Brazil),EXO,Exodus
718,719,Russian,EXO,Exodus
719,720,Spanish,EXO,Exodus
720,721,Chinese Simplified,FEM,Fallen Empires
721,722,Chinese Traditional,FEM,Fallen Empires
722,723,French,FEM,Fallen Empires
723,724,German,FEM,Fallen Empires
724,725,Italian,FEM,Fallen Empires
725,726,Japanese,FEM,Fallen Empires
726,727,Korean,FEM,Fallen Empires
727,728,Portuguese (Brazil),FEM,Fallen Empires
728,729,Russian,FEM,Fallen Empires
729,730,Spanish,FEM,Fallen Empires
730,731,Chinese Simplified,FRF,龙命殊途
731,732,Chinese Traditional,FRF,龍命殊途
732,733,French,FRF,Destin Reforgé
733,734,German,FRF,Schmiede des Schicksals
734,735,Italian,FRF,Riforgiare il Destino
735,736,Japanese,FRF,『運命再編』
736,737,Korean,FRF,재창조된 운명
737,738,Portuguese (Brazil),FRF,Destino Reescrito
738,739,Russian,FRF,Перекованная Судьба
739,740,Spanish,FRF,Destino Reescrito
740,741,Chinese Simplified,FUT,预知将来
741,742,Chinese Traditional,FUT,Future Sight
742,743,French,FUT,Vision de l'avenir
743,744,German,FUT,Blick in die Zukunft
744,745,Italian,FUT,Visione Futura
745,746,Japanese,FUT,未来予知
746,747,Korean,FUT,미래를 보는 눈
747,748,Portuguese (Brazil),FUT,Visão do Futuro
748,749,Russian,FUT,Взгляд в Будущее
749,750,Spanish,FUT,Visión del futuro
750,751,Chinese Simplified,GPT,十会盟
751,752,Chinese Traditional,GPT,十會盟
752,753,French,GPT,Le Pacte des Guildes
753,754,German,GPT,Gildenbund
754,755,Italian,GPT,Patto delle Gilde
755,756,Japanese,GPT,ギルドパクト
756,757,Korean,GPT,길드팩트
757,758,Portuguese (Brazil),GPT,Pacto das Guildas
758,759,Russian,GPT,Договор Гильдий
759,760,Spanish,GPT,El Pacto entre Gremios
760,761,Chinese Simplified,GRN,烽会拉尼卡
761,762,Chinese Traditional,GRN,烽會拉尼卡
762,763,French,GRN,Les guildes de Ravnica
763,764,German,GRN,Gilden von Ravnica
764,765,Italian,GRN,Gilde di Ravnica
765,766,Japanese,GRN,『ラヴニカのギルド』
766,767,Korean,GRN,라브니카의 길드
767,768,Portuguese (Brazil),GRN,Guildas de Ravnica
768,769,Russian,GRN,«Гильдии Равники»
769,770,Spanish,GRN,Gremios de Rávnica
770,771,Chinese Simplified,GTC,兵临古城
771,772,Chinese Traditional,GTC,兵臨古城
772,773,French,GTC,Insurrection
773,774,German,GTC,Gildensturm
774,775,Italian,GTC,Irruzione
775,776,Japanese,GTC,『ギルド門侵犯』
776,777,Korean,GTC,충돌의 관문
777,778,Portuguese (Brazil),GTC,Portões Violados
778,779,Russian,GTC,Незваные Гости
779,780,Spanish,GTC,Intrusión
780,781,Chinese Simplified,H09,Premium Deck Series: Slivers
781,782,Chinese Traditional,H09,Premium Deck Series: Slivers
782,783,French,H09,Premium Deck Series: Slivers
783,784,German,H09,Premium Deck Series: Slivers
784,785,Italian,H09,Premium Deck Series: Slivers
785,786,Japanese,H09,Premium Deck Series: Slivers
786,787,Korean,H09,Premium Deck Series: Slivers
787,788,Portuguese (Brazil),H09,Premium Deck Series: Slivers
788,789,Russian,H09,Premium Deck Series: Slivers
789,790,Spanish,H09,Premium Deck Series: Slivers
790,791,Chinese Simplified,HML,Homelands
791,792,Chinese Traditional,HML,Homelands
792,793,French,HML,Terres natales
793,794,German,HML,Homelands
794,795,Italian,HML,Homelands
795,796,Japanese,HML,Homelands
796,797,Korean,HML,Homelands
797,798,Portuguese (Brazil),HML,Homelands
798,799,Russian,HML,Homelands
799,800,Spanish,HML,Homelands
800,801,Chinese Simplified,HOU,幻灭时刻
801,802,Chinese Traditional,HOU,幻滅時刻
802,803,French,HOU,L’Âge de la Destruction
803,804,German,HOU,Stunde der Vernichtung
804,805,Italian,HOU,L’Era della Rovina
805,806,Japanese,HOU,『破滅の刻』
806,807,Korean,HOU,파멸의 시간
807,808,Portuguese (Brazil),HOU,Hora da Devastação
808,809,Russian,HOU,«Час Разрушения»
809,810,Spanish,HOU,LA HORA DE LA DEVASTACIÓN
810,811,Chinese Simplified,ICE,Ice Age
811,812,Chinese Traditional,ICE,Ice Age
812,813,French,ICE,Ère glaciaire
813,814,German,ICE,Ice Age
814,815,Italian,ICE,Ice Age
815,816,Japanese,ICE,Ice Age
816,817,Korean,ICE,Ice Age
817,818,Portuguese (Brazil),ICE,Ice Age
818,819,Russian,ICE,Ice Age
819,820,Spanish,ICE,Ice Age
820,821,Chinese Simplified,IKO,
821,822,Chinese Traditional,IKO,
822,823,French,IKO,Ikoria la Terre de Béhémoths
823,824,German,IKO,
824,825,Italian,IKO,
825,826,Japanese,IKO,
826,827,Korean,IKO,
827,828,Portuguese (Brazil),IKO,
828,829,Russian,IKO,
829,830,Spanish,IKO,
830,831,Chinese Simplified,IMA,Iconic Masters
831,832,Chinese Traditional,IMA,Iconic Masters
832,833,French,IMA,Iconic Masters
833,834,German,IMA,Iconic Masters
834,835,Italian,IMA,Iconic Masters
835,836,Japanese,IMA,Iconic Masters
836,837,Korean,IMA,Iconic Masters
837,838,Portuguese (Brazil),IMA,Iconic Masters
838,839,Russian,IMA,Iconic Masters
839,840,Spanish,IMA,Iconic Masters
840,841,Chinese Simplified,INV,Invasion
841,842,Chinese Traditional,INV,Invasion
842,843,French,INV,Invasion
843,844,German,INV,Invasion
844,845,Italian,INV,Invasion
845,846,Japanese,INV,Invasion
846,847,Korean,INV,Invasion
847,848,Portuguese (Brazil),INV,Invasion
848,849,Russian,INV,Invasion
849,850,Spanish,INV,Invasion
850,851,Chinese Simplified,ISD,依尼翠
851,852,Chinese Traditional,ISD,依尼翠
852,853,French,ISD,Innistrad
853,854,German,ISD,Innistrad
854,855,Italian,ISD,Innistrad
855,856,Japanese,ISD,イニストラード
856,857,Korean,ISD,이니스트라드
857,858,Portuguese (Brazil),ISD,Innistrad
858,859,Russian,ISD,Innistrad
859,860,Spanish,ISD,Innistrad
860,861,Chinese Simplified,JOU,尼兹之旅
861,862,Chinese Traditional,JOU,尼茲之旅
862,863,French,JOU,Incursion dans Nyx
863,864,German,JOU,Reise nach Nyx
864,865,Italian,JOU,Viaggio verso Nyx
865,866,Japanese,JOU,『ニクスへの旅』
866,867,Korean,JOU,닉스로 가는 길
867,868,Portuguese (Brazil),JOU,Viagem para Nyx
868,869,Russian,JOU,Путешествие в Никс
869,870,Spanish,JOU,Travesía hacia Nyx
870,871,Chinese Simplified,JUD,神谴
871,872,Chinese Traditional,JUD,神譴
872,873,French,JUD,Jugement
873,874,German,JUD,Abrechnung
874,875,Italian,JUD,Sentenza
875,876,Japanese,JUD,ジャッジメント
876,877,Korean,JUD,심판
877,878,Portuguese (Brazil),JUD,Judgment
878,879,Russian,JUD,Judgment
879,880,Spanish,JUD,Juicio
880,881,Chinese Simplified,KLD,卡拉德许
881,882,Chinese Traditional,KLD,卡拉德許
882,883,French,KLD,Kaladesh
883,884,German,KLD,Kaladesh
884,885,Italian,KLD,Kaladesh
885,886,Japanese,KLD,『カラデシュ』
886,887,Korean,KLD,칼라데시
887,888,Portuguese (Brazil),KLD,Kaladesh
888,889,Russian,KLD,«Каладеш»
889,890,Spanish,KLD,Kaladesh
890,891,Chinese Simplified,KTK,鞑契可汗
891,892,Chinese Traditional,KTK,韃契可汗
892,893,French,KTK,Les Khans de Tarkir
893,894,German,KTK,Khane von Tarkir
894,895,Italian,KTK,I Khan di Tarkir
895,896,Japanese,KTK,『タルキール覇王譚』
896,897,Korean,KTK,타르커의 칸
897,898,Portuguese (Brazil),KTK,Khans de Tarkir
898,899,Russian,KTK,Ханы Таркира
899,900,Spanish,KTK,Kans de Tarkir
900,901,Chinese Simplified,LEG,Legends
901,902,Chinese Traditional,LEG,Legends
902,903,French,LEG,Legends
903,904,German,LEG,Legends
904,905,Italian,LEG,Legends
905,906,Japanese,LEG,Legends
906,907,Korean,LEG,Legends
907,908,Portuguese (Brazil),LEG,Legends
908,909,Russian,LEG,Legends
909,910,Spanish,LEG,Legends
910,911,Chinese Simplified,LGN,
911,912,Chinese Traditional,LGN,
912,913,French,LGN,Légions
913,914,German,LGN,Legions
914,915,Italian,LGN,
915,916,Japanese,LGN,
916,917,Korean,LGN,
917,918,Portuguese (Brazil),LGN,
918,919,Russian,LGN,
919,920,Spanish,LGN,Legiones
920,921,Chinese Simplified,LRW,洛温
921,922,Chinese Traditional,LRW,洛溫
922,923,French,LRW,Lorwyn
923,924,German,LRW,Lorwyn
924,925,Italian,LRW,Lorwyn
925,926,Japanese,LRW,ローウィン
926,927,Korean,LRW,로윈
927,928,Portuguese (Brazil),LRW,Lorwyn
928,929,Russian,LRW,Лорвин
929,930,Spanish,LRW,Lorwyn
930,931,Chinese Simplified,M10,核心系列2010
931,932,Chinese Traditional,M10,核心系列2010
932,933,French,M10,Édition de base 2010
933,934,German,M10,2010 Hauptset
934,935,Italian,M10,Set Base 2010
935,936,Japanese,M10,基本セット2010
936,937,Korean,M10,2010 코어세트
937,938,Portuguese (Brazil),M10,Coleção Básica 2010
938,939,Russian,M10,Базовый выпуск 2010
939,940,Spanish,M10,Colección básica 2010
940,941,Chinese Simplified,M11,核心系列2011
941,942,Chinese Traditional,M11,核心系列2011
942,943,French,M11,Édition de base 2011
943,944,German,M11,2011 Hauptset
944,945,Italian,M11,Set Base 2011
945,946,Japanese,M11,基本セット2011
946,947,Korean,M11,2011 코어세트
947,948,Portuguese (Brazil),M11,Coleção Básica 2011
948,949,Russian,M11,Базовый выпуск 2011
949,950,Spanish,M11,Colección básica 2011
950,951,Chinese Simplified,M12,核心系列2012
951,952,Chinese Traditional,M12,核心系列2012
952,953,French,M12,Édition de base 2012
953,954,German,M12,2012 Hauptset
954,955,Italian,M12,Set Base 2012
955,956,Japanese,M12,基本セット2012
956,957,Korean,M12,2012 코어세트
957,958,Portuguese (Brazil),M12,Coleção Básica 2012
958,959,Russian,M12,Базовый выпуск 2012
959,960,Spanish,M12,Colección básica 2012
960,961,Chinese Simplified,M13,核心系列2013
961,962,Chinese Traditional,M13,核心系列2013
962,963,French,M13,Colección básica 2013
963,964,German,M13,2013 Hauptset
964,965,Italian,M13,Set Base 2013
965,966,Japanese,M13,『基本セット2013』
966,967,Korean,M13,2013 코어세트
967,968,Portuguese (Brazil),M13,Coleção Básica 2013
968,969,Russian,M13,Базовый выпуск 2013
969,970,Spanish,M13,Colección básica 2013
970,971,Chinese Simplified,M14,万智牌2014 核心系列
971,972,Chinese Traditional,M14,魔法風雲會2014 核心系列
972,973,French,M14,Édition de base Magic 2014
973,974,German,M14,Hauptset Magic 2014
974,975,Italian,M14,Set Base Magic 2014
975,976,Japanese,M14,『マジック基本セット2014』
976,977,Korean,M14,매직 2014 코어세트
977,978,Portuguese (Brazil),M14,Coleção Básica de Magic 2014
978,979,Russian,M14,Базовый выпуск Magic 2014
979,980,Spanish,M14,Colección básica Magic 2014
980,981,Chinese Simplified,M15,万智牌2015 核心系列
981,982,Chinese Traditional,M15,魔法風雲會2015 核心系列
982,983,French,M15,Édition de base Magic 2015
983,984,German,M15,Hauptset Magic 2015
984,985,Italian,M15,Set Base Magic 2015
985,986,Japanese,M15,『マジック基本セット2015』
986,987,Korean,M15,매직 2015 코어세트
987,988,Portuguese (Brazil),M15,Coleção Básica de Magic 2015
988,989,Russian,M15,Базовый выпуск Magic 2015
989,990,Spanish,M15,Colección básica Magic 2015
990,991,Chinese Simplified,M19,2019核心系列
991,992,Chinese Traditional,M19,2019核心系列
992,993,French,M19,Édition de base 2019
993,994,German,M19,Hauptset 2019
994,995,Italian,M19,Set Base 2019
995,996,Japanese,M19,『基本セット2019』
996,997,Korean,M19,코어세트 2019
997,998,Portuguese (Brazil),M19,COLEÇÃO BÁSICA 2019
998,999,Russian,M19,БАЗОВЫЙ ВЫПУСК 2019
999,1000,Spanish,M19,COLECCIÓN BÁSICA 2019
1000,1001,Chinese Simplified,M20,
1001,1002,Chinese Traditional,M20,
1002,1003,French,M20,Edition de base 2020
1003,1004,German,M20,
1004,1005,Italian,M20,
1005,1006,Japanese,M20,
1006,1007,Korean,M20,
1007,1008,Portuguese (Brazil),M20,
1008,1009,Russian,M20,
1009,1010,Spanish,M20,
1010,1011,Chinese Simplified,M21,
1011,1012,Chinese Traditional,M21,
1012,1013,French,M21,Edition de base 2021
1013,1014,German,M21,
1014,1015,Italian,M21,
1015,1016,Japanese,M21,
1016,1017,Korean,M21,
1017,1018,Portuguese (Brazil),M21,
1018,1019,Russian,M21,
1019,1020,Spanish,M21,
1020,1021,Chinese Simplified,MBS,围攻秘罗地
1021,1022,Chinese Traditional,MBS,圍攻秘羅地
1022,1023,French,MBS,Mirrodin Besieged
1023,1024,German,MBS,Mirrodins Belagerung
1024,1025,Italian,MBS,Mirrodin Assediato
1025,1026,Japanese,MBS,ミラディン包囲戦
1026,1027,Korean,MBS,미로딘 포위전
1027,1028,Portuguese (Brazil),MBS,Mirrodin Sitiada
1028,1029,Russian,MBS,Осада Мирродина
1029,1030,Spanish,MBS,Mirrodin sitiado
1030,1031,Chinese Simplified,ME1,Masters Edition
1031,1032,Chinese Traditional,ME1,Masters Edition
1032,1033,French,ME1,Masters Edition
1033,1034,German,ME1,Masters Edition
1034,1035,Italian,ME1,Masters Edition
1035,1036,Japanese,ME1,Masters Edition
1036,1037,Korean,ME1,Masters Edition
1037,1038,Portuguese (Brazil),ME1,Masters Edition
1038,1039,Russian,ME1,Masters Edition
1039,1040,Spanish,ME1,Masters Edition
1040,1041,Chinese Simplified,ME2,Masters Edition II
1041,1042,Chinese Traditional,ME2,Masters Edition II
1042,1043,French,ME2,Masters Edition II
1043,1044,German,ME2,Masters Edition II
1044,1045,Italian,ME2,Masters Edition II
1045,1046,Japanese,ME2,Masters Edition II
1046,1047,Korean,ME2,Masters Edition II
1047,1048,Portuguese (Brazil),ME2,Masters Edition II
1048,1049,Russian,ME2,Masters Edition II
1049,1050,Spanish,ME2,Masters Edition II
1050,1051,Chinese Simplified,ME3,Masters Edition III
1051,1052,Chinese Traditional,ME3,Masters Edition III
1052,1053,French,ME3,Masters Edition III
1053,1054,German,ME3,Masters Edition III
1054,1055,Italian,ME3,Masters Edition III
1055,1056,Japanese,ME3,Masters Edition III
1056,1057,Korean,ME3,Masters Edition III
1057,1058,Portuguese (Brazil),ME3,Masters Edition III
1058,1059,Russian,ME3,Masters Edition III
1059,1060,Spanish,ME3,Masters Edition III
1060,1061,Chinese Simplified,ME4,Masters Edition IV
1061,1062,Chinese Traditional,ME4,Masters Edition IV
1062,1063,French,ME4,Masters Edition IV
1063,1064,German,ME4,Masters Edition IV
1064,1065,Italian,ME4,Masters Edition IV
1065,1066,Japanese,ME4,Masters Edition IV
1066,1067,Korean,ME4,Masters Edition IV
1067,1068,Portuguese (Brazil),ME4,Masters Edition IV
1068,1069,Russian,ME4,Masters Edition IV
1069,1070,Spanish,ME4,Masters Edition IV
1070,1071,Chinese Simplified,MIR,Mirage
1071,1072,Chinese Traditional,MIR,Mirage
1072,1073,French,MIR,Mirage
1073,1074,German,MIR,Mirage
1074,1075,Italian,MIR,Mirage
1075,1076,Japanese,MIR,Mirage
1076,1077,Korean,MIR,Mirage
1077,1078,Portuguese (Brazil),MIR,Mirage
1078,1079,Russian,MIR,Mirage
1079,1080,Spanish,MIR,Mirage
1080,1081,Chinese Simplified,MM2,Modern Masters 2015 Edition
1081,1082,Chinese Traditional,MM2,Modern Masters 2015 Edition
1082,1083,French,MM2,Modern Masters 2015 Edition
1083,1084,German,MM2,Modern Masters 2015 Edition
1084,1085,Italian,MM2,Modern Masters 2015 Edition
1085,1086,Japanese,MM2,Modern Masters 2015 Edition
1086,1087,Korean,MM2,Modern Masters 2015 Edition
1087,1088,Portuguese (Brazil),MM2,Modern Masters 2015 Edition
1088,1089,Russian,MM2,Modern Masters 2015 Edition
1089,1090,Spanish,MM2,Modern Masters 2015 Edition
1090,1091,Chinese Simplified,MMA,Modern Masters
1091,1092,Chinese Traditional,MMA,Modern Masters
1092,1093,French,MMA,Modern Masters
1093,1094,German,MMA,Modern Masters
1094,1095,Italian,MMA,Modern Masters
1095,1096,Japanese,MMA,Modern Masters
1096,1097,Korean,MMA,Modern Masters
1097,1098,Portuguese (Brazil),MMA,Modern Masters
1098,1099,Russian,MMA,Modern Masters
1099,1100,Spanish,MMA,Modern Masters
1100,1101,Chinese Simplified,MMQ,Mercadian Masques
1101,1102,Chinese Traditional,MMQ,Mercadian Masques
1102,1103,French,MMQ,Masques de Mercadia
1103,1104,German,MMQ,Mercadian Masques
1104,1105,Italian,MMQ,Mercadian Masques
1105,1106,Japanese,MMQ,Mercadian Masques
1106,1107,Korean,MMQ,Mercadian Masques
1107,1108,Portuguese (Brazil),MMQ,Mercadian Masques
1108,1109,Russian,MMQ,Mercadian Masques
1109,1110,Spanish,MMQ,Mercadian Masques
1110,1111,Chinese Simplified,MOR,晨光
1111,1112,Chinese Traditional,MOR,晨光
1112,1113,French,MOR,Lèveciel
1113,1114,German,MOR,Morgenluft
1114,1115,Italian,MOR,Aurora
1115,1116,Japanese,MOR,モーニングタイド
1116,1117,Korean,MOR,일출
1117,1118,Portuguese (Brazil),MOR,Alvorecer
1118,1119,Russian,MOR,Рассвет
1119,1120,Spanish,MOR,
1120,1121,Chinese Simplified,MRD,秘罗地
1121,1122,Chinese Traditional,MRD,秘羅地
1122,1123,French,MRD,Mirrodin
1123,1124,German,MRD,Mirrodin
1124,1125,Italian,MRD,Mirrodin
1125,1126,Japanese,MRD,ミラディン
1126,1127,Korean,MRD,미로딘
1127,1128,Portuguese (Brazil),MRD,Mirrodin
1128,1129,Russian,MRD,Mirrodin
1129,1130,Spanish,MRD,Mirrodin
1130,1131,Chinese Simplified,NEM,Nemesis
1131,1132,Chinese Traditional,NEM,Nemesis
1132,1133,French,NEM,Nemesis
1133,1134,German,NEM,Nemesis
1134,1135,Italian,NEM,Nemesis
1135,1136,Japanese,NEM,Nemesis
1136,1137,Korean,NEM,Nemesis
1137,1138,Portuguese (Brazil),NEM,Nemesis
1138,1139,Russian,NEM,Nemesis
1139,1140,Spanish,NEM,Nemesis
1140,1141,Chinese Simplified,NPH,新非瑞克西亚
1141,1142,Chinese Traditional,NPH,新非瑞克西亞
1142,1143,French,NPH,New Phyrexia
1143,1144,German,NPH,Das neue Phyrexia
1144,1145,Italian,NPH,Nuova Phyrexia
1145,1146,Japanese,NPH,新たなるファイレクシア
1146,1147,Korean,NPH,뉴 피렉시아
1147,1148,Portuguese (Brazil),NPH,Nova Phyrexia
1148,1149,Russian,NPH,Новая Фирексия
1149,1150,Spanish,NPH,Nueva Phyrexia
1150,1151,Chinese Simplified,ODY,奥德赛
1151,1152,Chinese Traditional,ODY,奧德賽
1152,1153,French,ODY,Odyssée
1153,1154,German,ODY,Odyssee
1154,1155,Italian,ODY,Odissea
1155,1156,Japanese,ODY,オデッセイ
1156,1157,Korean,ODY,오디세이
1157,1158,Portuguese (Brazil),ODY,Odyssey
1158,1159,Russian,ODY,Odyssey
1159,1160,Spanish,ODY,Odisea
1160,1161,Chinese Simplified,OGW,守护者誓约
1161,1162,Chinese Traditional,OGW,守護者誓約
1162,1163,French,OGW,Le serment des Sentinelles
1163,1164,German,OGW,Eid der Wächter
1164,1165,Italian,OGW,Giuramento dei Guardiani
1165,1166,Japanese,OGW,『ゲートウォッチの誓い』
1166,1167,Korean,OGW,관문수호대의 맹세
1167,1168,Portuguese (Brazil),OGW,Juramento das Sentinelas
1168,1169,Russian,OGW,Клятва Стражей
1169,1170,Spanish,OGW,El juramento de los Guardianes
1170,1171,Chinese Simplified,ONS,
1171,1172,Chinese Traditional,ONS,
1172,1173,French,ONS,Carnage
1173,1174,German,ONS,Onslaught
1174,1175,Italian,ONS,
1175,1176,Japanese,ONS,
1176,1177,Korean,ONS,
1177,1178,Portuguese (Brazil),ONS,
1178,1179,Russian,ONS,
1179,1180,Spanish,ONS,Embestida
1180,1181,Chinese Simplified,ORI,万智牌：起源
1181,1182,Chinese Traditional,ORI,魔法風雲會：起源
1182,1183,French,ORI,Magic Origines
1183,1184,German,ORI,Magic Ursprünge
1184,1185,Italian,ORI,Magic Origins
1185,1186,Japanese,ORI,『マジック・オリジン』
1186,1187,Korean,ORI,매직의 기원
1187,1188,Portuguese (Brazil),ORI,Magic – Origens
1188,1189,Russian,ORI,Magic: Истоки
1189,1190,Spanish,ORI,Magic Orígenes
1190,1191,Chinese Simplified,PC2,Planechase (2012 Edition)
1191,1192,Chinese Traditional,PC2,Planechase (2012 Edition)
1192,1193,French,PC2,Planechase (2012 Edition)
1193,1194,German,PC2,Planechase (2012 Edition)
1194,1195,Italian,PC2,Planechase (2012 Edition)
1195,1196,Japanese,PC2,Planechase (2012 Edition)
1196,1197,Korean,PC2,Planechase (2012 Edition)
1197,1198,Portuguese (Brazil),PC2,Planechase (2012 Edition)
1198,1199,Russian,PC2,Planechase (2012 Edition)
1199,1200,Spanish,PC2,Planechase (2012 Edition)
1200,1201,Chinese Simplified,PCA,Planechase Anthology
1201,1202,Chinese Traditional,PCA,Planechase Anthology
1202,1203,French,PCA,Planechase Anthology
1203,1204,German,PCA,Planechase Anthology
1204,1205,Italian,PCA,Planechase Anthology
1205,1206,Japanese,PCA,Planechase Anthology
1206,1207,Korean,PCA,Planechase Anthology
1207,1208,Portuguese (Brazil),PCA,Planechase Anthology
1208,1209,Russian,PCA,Planechase Anthology
1209,1210,Spanish,PCA,Planechase Anthology
1210,1211,Chinese Simplified,PCY,Prophecy
1211,1212,Chinese Traditional,PCY,Prophecy
1212,1213,French,PCY,Prophétie
1213,1214,German,PCY,Prophecy
1214,1215,Italian,PCY,Prophecy
1215,1216,Japanese,PCY,Prophecy
1216,1217,Korean,PCY,Prophecy
1217,1218,Portuguese (Brazil),PCY,Prophecy
1218,1219,Russian,PCY,Prophecy
1219,1220,Spanish,PCY,Prophecy
1220,1221,Chinese Simplified,PD2,Premium Deck Series: Fire & Lightning
1221,1222,Chinese Traditional,PD2,Premium Deck Series: Fire & Lightning
1222,1223,French,PD2,Premium Deck Series: Fire & Lightning
1223,1224,German,PD2,Premium Deck Series: Fire & Lightning
1224,1225,Italian,PD2,Premium Deck Series: Fire & Lightning
1225,1226,Japanese,PD2,Premium Deck Series: Fire & Lightning
1226,1227,Korean,PD2,Premium Deck Series: Fire & Lightning
1227,1228,Portuguese (Brazil),PD2,Premium Deck Series: Fire & Lightning
1228,1229,Russian,PD2,Premium Deck Series: Fire & Lightning
1229,1230,Spanish,PD2,Premium Deck Series: Fire & Lightning
1230,1231,Chinese Simplified,PD3,Premium Deck Series: Graveborn
1231,1232,Chinese Traditional,PD3,Premium Deck Series: Graveborn
1232,1233,French,PD3,Premium Deck Series: Graveborn
1233,1234,German,PD3,Premium Deck Series: Graveborn
1234,1235,Italian,PD3,Premium Deck Series: Graveborn
1235,1236,Japanese,PD3,Premium Deck Series: Graveborn
1236,1237,Korean,PD3,Premium Deck Series: Graveborn
1237,1238,Portuguese (Brazil),PD3,Premium Deck Series: Graveborn
1238,1239,Russian,PD3,Premium Deck Series: Graveborn
1239,1240,Spanish,PD3,Premium Deck Series: Graveborn
1240,1241,Chinese Simplified,PLC,时空混沌
1241,1242,Chinese Traditional,PLC,Planar Chaos
1242,1243,French,PLC,Chaos planaire
1243,1244,German,PLC,Weltenchaos
1244,1245,Italian,PLC,Caos Planar
1245,1246,Japanese,PLC,次元の混乱
1246,1247,Korean,PLC,차원의 혼돈
1247,1248,Portuguese (Brazil),PLC,Caos Planar
1248,1249,Russian,PLC,Вселенский Хаос
1249,1250,Spanish,PLC,Caos Planar
1250,1251,Chinese Simplified,PLS,Planeshift
1251,1252,Chinese Traditional,PLS,Planeshift
1252,1253,French,PLS,Planeshift
1253,1254,German,PLS,Planeshift
1254,1255,Italian,PLS,Planeshift
1255,1256,Japanese,PLS,Planeshift
1256,1257,Korean,PLS,Planeshift
1257,1258,Portuguese (Brazil),PLS,Planeshift
1258,1259,Russian,PLS,Planeshift
1259,1260,Spanish,PLS,Planeshift
1260,1261,Chinese Simplified,RAV,拉尼卡公会城
1261,1262,Chinese Traditional,RAV,拉尼卡公會城
1262,1263,French,RAV,Ravnica: la Cité des Guildes
1263,1264,German,RAV,Ravnica: Stadt der Gilden
1264,1265,Italian,RAV,Ravnica: Città delle Gilde
1265,1266,Japanese,RAV,ラヴニカ：ギルドの都
1266,1267,Korean,RAV,라브니카: 길드들의 도시
1267,1268,Portuguese (Brazil),RAV,Ravnica: A Cidade das Guildas
1268,1269,Russian,RAV,Равника: Город Гильдий
1269,1270,Spanish,RAV,Rávnica: Ciudad de gremios
1270,1271,Chinese Simplified,RIX,决胜伊夏兰
1271,1272,Chinese Traditional,RIX,決勝依夏蘭
1272,1273,French,RIX,Les combattants d'Ixalan
1273,1274,German,RIX,RIVALEN VON IXALAN
1274,1275,Italian,RIX,RIVALI DI IXALAN
1275,1276,Japanese,RIX,『イクサランの相克』
1276,1277,Korean,RIX,익살란의 숙적들
1277,1278,Portuguese (Brazil),RIX,RIVAIS DE IXALAN
1278,1279,Russian,RIX,БОРЬБА ЗА ИКСАЛАН
1279,1280,Spanish,RIX,RIVALES DE IXALAN
1280,1281,Chinese Simplified,RNA,
1281,1282,Chinese Traditional,RNA,
1282,1283,French,RNA,L'allégeance de Ravnica
1283,1284,German,RNA,
1284,1285,Italian,RNA,
1285,1286,Japanese,RNA,
1286,1287,Korean,RNA,
1287,1288,Portuguese (Brazil),RNA,
1288,1289,Russian,RNA,
1289,1290,Spanish,RNA,
1290,1291,Chinese Simplified,ROE,奥札奇再起
1291,1292,Chinese Traditional,ROE,奧札奇再起
1292,1293,French,ROE,L'ascension des Eldrazi
1293,1294,German,ROE,Aufstieg der Eldrazi
1294,1295,Italian,ROE,Ascesa degli Eldrazi
1295,1296,Japanese,ROE,エルドラージ覚醒
1296,1297,Korean,ROE,엘드라지의 궐기
1297,1298,Portuguese (Brazil),ROE,Ascensão dos Eldrazi
1298,1299,Russian,ROE,Возрождение Эльдрази
1299,1300,Spanish,ROE,Levantamiento de los Eldrazi
1300,1301,Chinese Simplified,RTR,再访拉尼卡
1301,1302,Chinese Traditional,RTR,再訪拉尼卡
1302,1303,French,RTR,Retour sur Ravnica
1303,1304,German,RTR,Rückkehr nach Ravnica
1304,1305,Italian,RTR,Ritorno a Ravnica
1305,1306,Japanese,RTR,『ラヴニカへの回帰』
1306,1307,Korean,RTR,라브니카로의 귀환
1307,1308,Portuguese (Brazil),RTR,Retorno a Ravnica
1308,1309,Russian,RTR,Возвращение в Равнику
1309,1310,Spanish,RTR,Regreso a Rávnica
1310,1311,Chinese Simplified,SCG,
1311,1312,Chinese Traditional,SCG,
1312,1313,French,SCG,Fléau
1313,1314,German,SCG,Scourge
1314,1315,Italian,SCG,
1315,1316,Japanese,SCG,
1316,1317,Korean,SCG,
1317,1318,Portuguese (Brazil),SCG,
1318,1319,Russian,SCG,
1319,1320,Spanish,SCG,Azote
1320,1321,Chinese Simplified,SHM,暗影荒原
1321,1322,Chinese Traditional,SHM,闇影荒原
1322,1323,French,SHM,Sombrelande
1323,1324,German,SHM,Schattenmoor
1324,1325,Italian,SHM,Landa Tenebrosa
1325,1326,Japanese,SHM,シャドウムーア
1326,1327,Korean,SHM,샤도우무어
1327,1328,Portuguese (Brazil),SHM,Pântano Sombrio
1328,1329,Russian,SHM,Шэдоумур
1329,1330,Spanish,SHM,Páramo Sombrío
1330,1331,Chinese Simplified,SOI,依尼翠暗影
1331,1332,Chinese Traditional,SOI,依尼翠闇影
1332,1333,French,SOI,Ténèbres sur Innistrad
1333,1334,German,SOI,Schatten über Innistrad
1334,1335,Italian,SOI,Ombre su Innistrad
1335,1336,Japanese,SOI,『イニストラードを覆う影』
1336,1337,Korean,SOI,이니스트라드에 드리운 그림자
1337,1338,Portuguese (Brazil),SOI,Sombras Em Innistrad
1338,1339,Russian,SOI,Тени над Иннистрадом
1339,1340,Spanish,SOI,Sombras sobre Innistrad
1340,1341,Chinese Simplified,SOK,神河任侠传
1341,1342,Chinese Traditional,SOK,神河任俠傳
1342,1343,French,SOK,Libérateurs de Kamigawa
1343,1344,German,SOK,Retter von Kamigawa
1344,1345,Italian,SOK,Liberatori di Kamigawa
1345,1346,Japanese,SOK,神河救済
1346,1347,Korean,SOK,카미가와의 구원자
1347,1348,Portuguese (Brazil),SOK,Salvadores de Kamigawa
1348,1349,Russian,SOK,Saviors of Kamigawa
1349,1350,Spanish,SOK,Salvadores de Kamigawa
1350,1351,Chinese Simplified,SOM,秘罗地创痕
1351,1352,Chinese Traditional,SOM,秘羅地創痕
1352,1353,French,SOM,Scars of Mirrodin
1353,1354,German,SOM,Die Narben von Mirrodin
1354,1355,Italian,SOM,Cicatrici di Mirrodin
1355,1356,Japanese,SOM,ミラディンの傷跡
1356,1357,Korean,SOM,미로딘의 상처
1357,1358,Portuguese (Brazil),SOM,Cicatrizes de Mirrodin
1358,1359,Russian,SOM,Шрамы Мирродина
1359,1360,Spanish,SOM,Cicatrices de Mirrodin
1360,1361,Chinese Simplified,STH,Stronghold
1361,1362,Chinese Traditional,STH,Stronghold
1362,1363,French,STH,Forteresse
1363,1364,German,STH,Stronghold
1364,1365,Italian,STH,Stronghold
1365,1366,Japanese,STH,Stronghold
1366,1367,Korean,STH,Stronghold
1367,1368,Portuguese (Brazil),STH,Stronghold
1368,1369,Russian,STH,Stronghold
1369,1370,Spanish,STH,Stronghold
1370,1371,Chinese Simplified,THB,
1371,1372,Chinese Traditional,THB,
1372,1373,French,THB,Theros par-delà la mort
1373,1374,German,THB,
1374,1375,Italian,THB,
1375,1376,Japanese,THB,
1376,1377,Korean,THB,
1377,1378,Portuguese (Brazil),THB,
1378,1379,Russian,THB,
1379,1380,Spanish,THB,
1380,1381,Chinese Simplified,THS,塞洛斯
1381,1382,Chinese Traditional,THS,塞洛斯
1382,1383,French,THS,Theros
1383,1384,German,THS,Theros
1384,1385,Italian,THS,Theros
1385,1386,Japanese,THS,『テーロス』
1386,1387,Korean,THS,테로스
1387,1388,Portuguese (Brazil),THS,Theros
1388,1389,Russian,THS,Терос
1389,1390,Spanish,THS,Theros
1390,1391,Chinese Simplified,TMP,Tempest
1391,1392,Chinese Traditional,TMP,Tempest
1392,1393,French,TMP,Tempête
1393,1394,German,TMP,Tempest
1394,1395,Italian,TMP,Tempest
1395,1396,Japanese,TMP,Tempest
1396,1397,Korean,TMP,Tempest
1397,1398,Portuguese (Brazil),TMP,Tempest
1398,1399,Russian,TMP,Tempest
1399,1400,Spanish,TMP,Tempest
1400,1401,Chinese Simplified,TOR,绝境
1401,1402,Chinese Traditional,TOR,絕境
1402,1403,French,TOR,Tourment
1403,1404,German,TOR,Qualen
1404,1405,Italian,TOR,Tormento
1405,1406,Japanese,TOR,トーメント
1406,1407,Korean,TOR,고통
1407,1408,Portuguese (Brazil),TOR,Torment
1408,1409,Russian,TOR,Torment
1409,1410,Spanish,TOR,Tormento
1410,1411,Chinese Simplified,TPR,Tempest Remastered
1411,1412,Chinese Traditional,TPR,Tempest Remastered
1412,1413,French,TPR,Tempest Remastered
1413,1414,German,TPR,Tempest Remastered
1414,1415,Italian,TPR,Tempest Remastered
1415,1416,Japanese,TPR,Tempest Remastered
1416,1417,Korean,TPR,Tempest Remastered
1417,1418,Portuguese (Brazil),TPR,Tempest Remastered
1418,1419,Russian,TPR,Tempest Remastered
1419,1420,Spanish,TPR,Tempest Remastered
1420,1421,Chinese Simplified,TSP,时间漩涡
1421,1422,Chinese Traditional,TSP,Time Spiral
1422,1423,French,TSP,Spirale temporelle
1423,1424,German,TSP,Zeitspirale
1424,1425,Italian,TSP,Espiral Temporal
1425,1426,Japanese,TSP,時のらせん
1426,1427,Korean,TSP,시간의 나선
1427,1428,Portuguese (Brazil),TSP,Espiral Temporal
1428,1429,Russian,TSP,Спираль Времени
1429,1430,Spanish,TSP,Espiral del tiempo
1430,1431,Chinese Simplified,UDS,Urza’s Destiny
1431,1432,Chinese Traditional,UDS,Urza’s Destiny
1432,1433,French,UDS,La destinée d'Urza
1433,1434,German,UDS,Urza’s Destiny
1434,1435,Italian,UDS,Urza’s Destiny
1435,1436,Japanese,UDS,Urza’s Destiny
1436,1437,Korean,UDS,Urza’s Destiny
1437,1438,Portuguese (Brazil),UDS,Urza’s Destiny
1438,1439,Russian,UDS,Urza’s Destiny
1439,1440,Spanish,UDS,Urza’s Destiny
1440,1441,Chinese Simplified,UGL,Unglued
1441,1442,Chinese Traditional,UGL,Unglued
1442,1443,French,UGL,Unglued
1443,1444,German,UGL,Unglued
1444,1445,Italian,UGL,Unglued
1445,1446,Japanese,UGL,Unglued
1446,1447,Korean,UGL,Unglued
1447,1448,Portuguese (Brazil),UGL,Unglued
1448,1449,Russian,UGL,Unglued
1449,1450,Spanish,UGL,Unglued
1450,1451,Chinese Simplified,ULG,Urza’s Legacy
1451,1452,Chinese Traditional,ULG,Urza’s Legacy
1452,1453,French,ULG,L'héritage d'Urza
1453,1454,German,ULG,Urza’s Legacy
1454,1455,Italian,ULG,Urza’s Legacy
1455,1456,Japanese,ULG,Urza’s Legacy
1456,1457,Korean,ULG,Urza’s Legacy
1457,1458,Portuguese (Brazil),ULG,Urza’s Legacy
1458,1459,Russian,ULG,Urza’s Legacy
1459,1460,Spanish,ULG,Urza’s Legacy
1460,1461,Chinese Simplified,UMA,Ultimate Masters
1461,1462,Chinese Traditional,UMA,Ultimate Masters
1462,1463,French,UMA,Ultimate Masters
1463,1464,German,UMA,Ultimate Masters
1464,1465,Italian,UMA,Ultimate Masters
1465,1466,Japanese,UMA,Ultimate Masters
1466,1467,Korean,UMA,Ultimate Masters
1467,1468,Portuguese (Brazil),UMA,Ultimate Masters
1468,1469,Russian,UMA,Ultimate Masters
1469,1470,Spanish,UMA,Ultimate Masters
1470,1471,Chinese Simplified,UNH,Unhinged
1471,1472,Chinese Traditional,UNH,Unhinged
1472,1473,French,UNH,Unhinged
1473,1474,German,UNH,Unhinged
1474,1475,Italian,UNH,Unhinged
1475,1476,Japanese,UNH,Unhinged
1476,1477,Korean,UNH,Unhinged
1477,1478,Portuguese (Brazil),UNH,Unhinged
1478,1479,Russian,UNH,Unhinged
1479,1480,Spanish,UNH,Unhinged
1480,1481,Chinese Simplified,USG,Urza’s Saga
1481,1482,Chinese Traditional,USG,Urza’s Saga
1482,1483,French,USG,L'épopée d'Urza
1483,1484,German,USG,Urza’s Saga
1484,1485,Italian,USG,Urza’s Saga
1485,1486,Japanese,USG,Urza’s Saga
1486,1487,Korean,USG,Urza’s Saga
1487,1488,Portuguese (Brazil),USG,Urza’s Saga
1488,1489,Russian,USG,Urza’s Saga
1489,1490,Spanish,USG,Urza’s Saga
1490,1491,Chinese Simplified,UST,Unstable
1491,1492,Chinese Traditional,UST,Unstable
1492,1493,French,UST,Unstable
1493,1494,German,UST,Unstable
1494,1495,Italian,UST,Unstable
1495,1496,Japanese,UST,Unstable
1496,1497,Korean,UST,Unstable
1497,1498,Portuguese (Brazil),UST,Unstable
1498,1499,Russian,UST,Unstable
1499,1500,Spanish,UST,Unstable
1500,1501,Chinese Simplified,V09,From The Vault: Exiled
1501,1502,Chinese Traditional,V09,From The Vault: Exiled
1502,1503,French,V09,From The Vault: Exiled
1503,1504,German,V09,From The Vault: Exiled
1504,1505,Italian,V09,From The Vault: Exiled
1505,1506,Japanese,V09,From The Vault: Exiled
1506,1507,Korean,V09,From The Vault: Exiled
1507,1508,Portuguese (Brazil),V09,From The Vault: Exiled
1508,1509,Russian,V09,From The Vault: Exiled
1509,1510,Spanish,V09,From The Vault: Exiled
1510,1511,Chinese Simplified,V10,From The Vault: Relics
1511,1512,Chinese Traditional,V10,From The Vault: Relics
1512,1513,French,V10,From The Vault: Relics
1513,1514,German,V10,From The Vault: Relics
1514,1515,Italian,V10,From The Vault: Relics
1515,1516,Japanese,V10,From The Vault: Relics
1516,1517,Korean,V10,From The Vault: Relics
1517,1518,Portuguese (Brazil),V10,From The Vault: Relics
1518,1519,Russian,V10,From The Vault: Relics
1519,1520,Spanish,V10,From The Vault: Relics
1520,1521,Chinese Simplified,V11,From The Vault: Legends
1521,1522,Chinese Traditional,V11,From The Vault: Legends
1522,1523,French,V11,From The Vault: Legends
1523,1524,German,V11,From The Vault: Legends
1524,1525,Italian,V11,From The Vault: Legends
1525,1526,Japanese,V11,From The Vault: Legends
1526,1527,Korean,V11,From The Vault: Legends
1527,1528,Portuguese (Brazil),V11,From The Vault: Legends
1528,1529,Russian,V11,From The Vault: Legends
1529,1530,Spanish,V11,From The Vault: Legends
1530,1531,Chinese Simplified,V12,From The Vault: Realms
1531,1532,Chinese Traditional,V12,From The Vault: Realms
1532,1533,French,V12,From The Vault: Realms
1533,1534,German,V12,From The Vault: Realms
1534,1535,Italian,V12,From The Vault: Realms
1535,1536,Japanese,V12,From The Vault: Realms
1536,1537,Korean,V12,From The Vault: Realms
1537,1538,Portuguese (Brazil),V12,From The Vault: Realms
1538,1539,Russian,V12,From The Vault: Realms
1539,1540,Spanish,V12,From The Vault: Realms
1540,1541,Chinese Simplified,V13,From The Vault: Twenty
1541,1542,Chinese Traditional,V13,From The Vault: Twenty
1542,1543,French,V13,From The Vault: Twenty
1543,1544,German,V13,From The Vault: Twenty
1544,1545,Italian,V13,From The Vault: Twenty
1545,1546,Japanese,V13,From The Vault: Twenty
1546,1547,Korean,V13,From The Vault: Twenty
1547,1548,Portuguese (Brazil),V13,From The Vault: Twenty
1548,1549,Russian,V13,From The Vault: Twenty
1549,1550,Spanish,V13,From The Vault: Twenty
1550,1551,Chinese Simplified,V14,From The Vault: Annihilation
1551,1552,Chinese Traditional,V14,From The Vault: Annihilation
1552,1553,French,V14,From The Vault: Annihilation
1553,1554,German,V14,From The Vault: Annihilation
1554,1555,Italian,V14,From The Vault: Annihilation
1555,1556,Japanese,V14,From The Vault: Annihilation
1556,1557,Korean,V14,From The Vault: Annihilation
1557,1558,Portuguese (Brazil),V14,From The Vault: Annihilation
1558,1559,Russian,V14,From The Vault: Annihilation
1559,1560,Spanish,V14,From The Vault: Annihilation
1560,1561,Chinese Simplified,V15,From the Vault: Angels
1561,1562,Chinese Traditional,V15,From the Vault: Angels
1562,1563,French,V15,From the Vault: Angels
1563,1564,German,V15,From the Vault: Angels
1564,1565,Italian,V15,From the Vault: Angels
1565,1566,Japanese,V15,From the Vault: Angels
1566,1567,Korean,V15,From the Vault: Angels
1567,1568,Portuguese (Brazil),V15,From the Vault: Angels
1568,1569,Russian,V15,From the Vault: Angels
1569,1570,Spanish,V15,From the Vault: Angels
1570,1571,Chinese Simplified,V16,From The Vault: Lore
1571,1572,Chinese Traditional,V16,From The Vault: Lore
1572,1573,French,V16,From The Vault: Lore
1573,1574,German,V16,From The Vault: Lore
1574,1575,Italian,V16,From The Vault: Lore
1575,1576,Japanese,V16,From The Vault: Lore
1576,1577,Korean,V16,From The Vault: Lore
1577,1578,Portuguese (Brazil),V16,From The Vault: Lore
1578,1579,Russian,V16,From The Vault: Lore
1579,1580,Spanish,V16,From The Vault: Lore
1580,1581,Chinese Simplified,V17,From The Vault: Transform
1581,1582,Chinese Traditional,V17,From The Vault: Transform
1582,1583,French,V17,From The Vault: Transform
1583,1584,German,V17,From The Vault: Transform
1584,1585,Italian,V17,From The Vault: Transform
1585,1586,Japanese,V17,From The Vault: Transform
1586,1587,Korean,V17,From The Vault: Transform
1587,1588,Portuguese (Brazil),V17,From The Vault: Transform
1588,1589,Russian,V17,From The Vault: Transform
1589,1590,Spanish,V17,From The Vault: Transform
1590,1591,Chinese Simplified,VIS,Visions
1591,1592,Chinese Traditional,VIS,Visions
1592,1593,French,VIS,Visions
1593,1594,German,VIS,Visions
1594,1595,Italian,VIS,Visions
1595,1596,Japanese,VIS,Visions
1596,1597,Korean,VIS,Visions
1597,1598,Portuguese (Brazil),VIS,Visions
1598,1599,Russian,VIS,Visions
1599,1600,Spanish,VIS,Visions
1600,1601,Chinese Simplified,VMA,Vintage Masters
1601,1602,Chinese Traditional,VMA,Vintage Masters
1602,1603,French,VMA,Vintage Masters
1603,1604,German,VMA,Vintage Masters
1604,1605,Italian,VMA,Vintage Masters
1605,1606,Japanese,VMA,Vintage Masters
1606,1607,Korean,VMA,Vintage Masters
1607,1608,Portuguese (Brazil),VMA,Vintage Masters
1608,1609,Russian,VMA,Vintage Masters
1609,1610,Spanish,VMA,Vintage Masters
1610,1611,Chinese Simplified,WAR,
1611,1612,Chinese Traditional,WAR,
1612,1613,French,WAR,La Guerre des Planeswlakers
1613,1614,German,WAR,
1614,1615,Italian,WAR,
1615,1616,Japanese,WAR,
1616,1617,Korean,WAR,
1617,1618,Portuguese (Brazil),WAR,
1618,1619,Russian,WAR,
1619,1620,Spanish,WAR,
1620,1621,Chinese Simplified,WTH,Weatherlight
1621,1622,Chinese Traditional,WTH,Weatherlight
1622,1623,French,WTH,Aquilon
1623,1624,German,WTH,Weatherlight
1624,1625,Italian,WTH,Weatherlight
1625,1626,Japanese,WTH,Weatherlight
1626,1627,Korean,WTH,Weatherlight
1627,1628,Portuguese (Brazil),WTH,Weatherlight
1628,1629,Russian,WTH,Weatherlight
1629,1630,Spanish,WTH,Weatherlight
1630,1631,Chinese Simplified,WWK,天地醒转
1631,1632,Chinese Traditional,WWK,天地醒轉
1632,1633,French,WWK,Worldwake
1633,1634,German,WWK,Weltenerwachen
1634,1635,Italian,WWK,Worldwake
1635,1636,Japanese,WWK,ワールドウェイク
1636,1637,Korean,WWK,월드웨이크
1637,1638,Portuguese (Brazil),WWK,Despertar do Mundo
1638,1639,Russian,WWK,Пробуждение мира
1639,1640,Spanish,WWK,Despertar del mundo
1640,1641,Chinese Simplified,XLN,依夏兰
1641,1642,Chinese Traditional,XLN,依夏蘭
1642,1643,French,XLN,Ixalan
1643,1644,German,XLN,Ixalan
1644,1645,Italian,XLN,Ixalan
1645,1646,Japanese,XLN,『イクサラン』
1646,1647,Korean,XLN,익살란
1647,1648,Portuguese (Brazil),XLN,Ixalan
1648,1649,Russian,XLN,Иксалан
1649,1650,Spanish,XLN,Ixalan
1650,1651,Chinese Simplified,ZEN,赞迪卡
1651,1652,Chinese Traditional,ZEN,贊迪卡
1652,1653,French,ZEN,Zendikar
1653,1654,German,ZEN,Zendikar
1654,1655,Italian,ZEN,Zendikar
1655,1656,Japanese,ZEN,ゼンディカー
1656,1657,Korean,ZEN,젠디카르
1657,1658,Portuguese (Brazil),ZEN,Zendikar
1658,1659,Russian,ZEN,Zendikar
1659,1660,Spanish,ZEN,Zendikar
